Company,Bank account or service,Credit card,Mortgage
Bank of America,0.166372198,0.108174332,0.191198146
Wells Fargo & Company,0.157200141,0.043568405,0.134480873
JPMorgan Chase & Co.,0.11375194,0.117525953,0.085409234
Citibank,0.035935412,0.185350577,0.040498945
Capital One,0.02914471,0.153062112,0.004442593
